{"cameraMode":{"drawMode":0,"name":"Shaded","section":"Shading Mode"},"sceneLighting":false,"audioPlay":false,"sceneViewState":{"m_AlwaysRefresh":false,"showFog":false,"showSkybox":false,"showFlares":false,"showImageEffects":false,"showParticleSystems":false,"showVisualEffectGraphs":false,"m_FxEnabled":true},"in2DMode":false,"pivot":{"x":41.009971618652347,"y":3.530710220336914,"z":98.87834167480469},"rotation":{"x":-0.022089574486017228,"y":0.057694293558597568,"z":0.006758160423487425,"w":-0.9983689188957214},"size":4.785728454589844,"orthographic":false}