{"cameraMode":{"drawMode":0,"name":"Shaded","section":"Shading Mode"},"sceneLighting":false,"audioPlay":false,"sceneViewState":{"m_AlwaysRefresh":false,"showFog":false,"showSkybox":false,"showFlares":false,"showImageEffects":false,"showParticleSystems":false,"showVisualEffectGraphs":false,"m_FxEnabled":true},"in2DMode":false,"pivot":{"x":-0.05826616287231445,"y":-1.1138393878936768,"z":1.5163438320159913},"rotation":{"x":-0.021361220628023149,"y":0.14847411215305329,"z":-0.005266909953206778,"w":0.9889799952507019},"size":7.332584857940674,"orthographic":false}