{"cameraMode":{"drawMode":0,"name":"Shaded","section":"Shading Mode"},"sceneLighting":false,"audioPlay":false,"sceneViewState":{"m_AlwaysRefresh":false,"showFog":false,"showSkybox":false,"showFlares":false,"showImageEffects":false,"showParticleSystems":false,"showVisualEffectGraphs":false,"m_FxEnabled":true},"in2DMode":false,"pivot":{"x":629.0377807617188,"y":287.457763671875,"z":-134.33953857421876},"rotation":{"x":-0.02710358239710331,"y":0.011089997366070748,"z":0.00022706936579197645,"w":-0.9996872544288635},"size":228.68438720703126,"orthographic":false}