{"cameraMode":{"drawMode":0,"name":"Shaded","section":"Shading Mode"},"sceneLighting":false,"audioPlay":false,"sceneViewState":{"m_AlwaysRefresh":false,"showFog":false,"showSkybox":false,"showFlares":false,"showImageEffects":false,"showParticleSystems":false,"showVisualEffectGraphs":false,"m_FxEnabled":true},"in2DMode":false,"pivot":{"x":584.4722900390625,"y":195.19444274902345,"z":-0.0867767333984375},"rotation":{"x":-0.009099140763282776,"y":0.006910598371177912,"z":-0.00007097217894624919,"w":-0.999969482421875},"size":243.61285400390626,"orthographic":false}