{"cameraMode":{"drawMode":0,"name":"Shaded","section":"Shading Mode"},"sceneLighting":false,"audioPlay":false,"sceneViewState":{"m_AlwaysRefresh":false,"showFog":false,"showSkybox":false,"showFlares":false,"showImageEffects":false,"showParticleSystems":false,"showVisualEffectGraphs":false,"m_FxEnabled":true},"in2DMode":false,"pivot":{"x":0.9177281856536865,"y":0.681702196598053,"z":0.5155004858970642},"rotation":{"x":-0.02559722773730755,"y":0.002410327084362507,"z":-0.00007166828436311334,"w":-0.9997052550315857},"size":0.8660253882408142,"orthographic":false}