{"cameraMode":{"drawMode":0,"name":"Shaded","section":"Shading Mode"},"sceneLighting":false,"audioPlay":false,"sceneViewState":{"m_AlwaysRefresh":false,"showFog":false,"showSkybox":false,"showFlares":false,"showImageEffects":false,"showParticleSystems":false,"showVisualEffectGraphs":false,"m_FxEnabled":true},"in2DMode":false,"pivot":{"x":-0.029862064868211747,"y":0.1478656828403473,"z":0.025854341685771943},"rotation":{"x":0.2711979150772095,"y":0.09761985391378403,"z":-0.027873655781149865,"w":0.957239031791687},"size":0.7435720562934876,"orthographic":false}